forecast_date,target,target_end_date,location,location_name,type,quantile,value
2020-05-17,1 day ahead inc death,2020-05-18,25,Massachusetts,point,NA,83
2020-05-17,1 day ahead inc death,2020-05-18,25,Massachusetts,quantile,0.010,46
2020-05-17,1 day ahead inc death,2020-05-18,25,Massachusetts,quantile,0.025,50
2020-05-17,1 day ahead inc death,2020-05-18,25,Massachusetts,quantile,0.050,56
2020-05-17,1 day ahead inc death,2020-05-18,25,Massachusetts,quantile,0.100,63
2020-05-17,1 day ahead inc death,2020-05-18,25,Massachusetts,quantile,0.150,67
2020-05-17,1 day ahead inc death,2020-05-18,25,Massachusetts,quantile,0.200,70
2020-05-17,1 day ahead inc death,2020-05-18,25,Massachusetts,quantile,0.250,73
2020-05-17,1 day ahead inc death,2020-05-18,25,Massachusetts,quantile,0.300,76
2020-05-17,1 day ahead inc death,2020-05-18,25,Massachusetts,quantile,0.350,78
2020-05-17,1 day ahead inc death,2020-05-18,25,Massachusetts,quantile,0.400,80
2020-05-17,1 day ahead inc death,2020-05-18,25,Massachusetts,quantile,0.450,81
2020-05-17,1 day ahead inc death,2020-05-18,25,Massachusetts,quantile,0.500,83
2020-05-17,1 day ahead inc death,2020-05-18,25,Massachusetts,quantile,0.550,85
2020-05-17,1 day ahead inc death,2020-05-18,25,Massachusetts,quantile,0.600,87
2020-05-17,1 day ahead inc death,2020-05-18,25,Massachusetts,quantile,0.650,89
2020-05-17,1 day ahead inc death,2020-05-18,25,Massachusetts,quantile,0.700,91
2020-05-17,1 day ahead inc death,2020-05-18,25,Massachusetts,quantile,0.750,93
2020-05-17,1 day ahead inc death,2020-05-18,25,Massachusetts,quantile,0.800,96
2020-05-17,1 day ahead inc death,2020-05-18,25,Massachusetts,quantile,0.850,98
2020-05-17,1 day ahead inc death,2020-05-18,25,Massachusetts,quantile,0.900,105
2020-05-17,1 day ahead inc death,2020-05-18,25,Massachusetts,quantile,0.950,114
2020-05-17,1 day ahead inc death,2020-05-18,25,Massachusetts,quantile,0.975,122
2020-05-17,1 day ahead inc death,2020-05-18,25,Massachusetts,quantile,0.990,127
2020-05-17,1 day ahead cum death,2020-05-18,25,Massachusetts,point,NA,5825
2020-05-17,1 day ahead cum death,2020-05-18,25,Massachusetts,quantile,0.010,5692
2020-05-17,1 day ahead cum death,2020-05-18,25,Massachusetts,quantile,0.025,5705
2020-05-17,1 day ahead cum death,2020-05-18,25,Massachusetts,quantile,0.050,5727
2020-05-17,1 day ahead cum death,2020-05-18,25,Massachusetts,quantile,0.100,5758
2020-05-17,1 day ahead cum death,2020-05-18,25,Massachusetts,quantile,0.150,5772
2020-05-17,1 day ahead cum death,2020-05-18,25,Massachusetts,quantile,0.200,5786
2020-05-17,1 day ahead cum death,2020-05-18,25,Massachusetts,quantile,0.250,5793
2020-05-17,1 day ahead cum death,2020-05-18,25,Massachusetts,quantile,0.300,5799
2020-05-17,1 day ahead cum death,2020-05-18,25,Massachusetts,quantile,0.350,5806
2020-05-17,1 day ahead cum death,2020-05-18,25,Massachusetts,quantile,0.400,5812
2020-05-17,1 day ahead cum death,2020-05-18,25,Massachusetts,quantile,0.450,5819
2020-05-17,1 day ahead cum death,2020-05-18,25,Massachusetts,quantile,0.500,5825
2020-05-17,1 day ahead cum death,2020-05-18,25,Massachusetts,quantile,0.550,5831
2020-05-17,1 day ahead cum death,2020-05-18,25,Massachusetts,quantile,0.600,5837
2020-05-17,1 day ahead cum death,2020-05-18,25,Massachusetts,quantile,0.650,5843
2020-05-17,1 day ahead cum death,2020-05-18,25,Massachusetts,quantile,0.700,5849
2020-05-17,1 day ahead cum death,2020-05-18,25,Massachusetts,quantile,0.750,5856
2020-05-17,1 day ahead cum death,2020-05-18,25,Massachusetts,quantile,0.800,5869
2020-05-17,1 day ahead cum death,2020-05-18,25,Massachusetts,quantile,0.850,5881
2020-05-17,1 day ahead cum death,2020-05-18,25,Massachusetts,quantile,0.900,5899
2020-05-17,1 day ahead cum death,2020-05-18,25,Massachusetts,quantile,0.950,5928
2020-05-17,1 day ahead cum death,2020-05-18,25,Massachusetts,quantile,0.975,5942
2020-05-17,1 day ahead cum death,2020-05-18,25,Massachusetts,quantile,0.990,5950
2020-05-17,2 day ahead inc death,2020-05-19,25,Massachusetts,point,NA,82
2020-05-17,2 day ahead inc death,2020-05-19,25,Massachusetts,quantile,0.010,53
2020-05-17,2 day ahead inc death,2020-05-19,25,Massachusetts,quantile,0.025,55
2020-05-17,2 day ahead inc death,2020-05-19,25,Massachusetts,quantile,0.050,58
2020-05-17,2 day ahead inc death,2020-05-19,25,Massachusetts,quantile,0.100,62
2020-05-17,2 day ahead inc death,2020-05-19,25,Massachusetts,quantile,0.150,65
2020-05-17,2 day ahead inc death,2020-05-19,25,Massachusetts,quantile,0.200,69
2020-05-17,2 day ahead inc death,2020-05-19,25,Massachusetts,quantile,0.250,71
2020-05-17,2 day ahead inc death,2020-05-19,25,Massachusetts,quantile,0.300,74
2020-05-17,2 day ahead inc death,2020-05-19,25,Massachusetts,quantile,0.350,76
2020-05-17,2 day ahead inc death,2020-05-19,25,Massachusetts,quantile,0.400,78
2020-05-17,2 day ahead inc death,2020-05-19,25,Massachusetts,quantile,0.450,80
2020-05-17,2 day ahead inc death,2020-05-19,25,Massachusetts,quantile,0.500,82
2020-05-17,2 day ahead inc death,2020-05-19,25,Massachusetts,quantile,0.550,83
2020-05-17,2 day ahead inc death,2020-05-19,25,Massachusetts,quantile,0.600,85
2020-05-17,2 day ahead inc death,2020-05-19,25,Massachusetts,quantile,0.650,87
2020-05-17,2 day ahead inc death,2020-05-19,25,Massachusetts,quantile,0.700,89
2020-05-17,2 day ahead inc death,2020-05-19,25,Massachusetts,quantile,0.750,91
2020-05-17,2 day ahead inc death,2020-05-19,25,Massachusetts,quantile,0.800,94
2020-05-17,2 day ahead inc death,2020-05-19,25,Massachusetts,quantile,0.850,96
2020-05-17,2 day ahead inc death,2020-05-19,25,Massachusetts,quantile,0.900,102
2020-05-17,2 day ahead inc death,2020-05-19,25,Massachusetts,quantile,0.950,109
2020-05-17,2 day ahead inc death,2020-05-19,25,Massachusetts,quantile,0.975,116
2020-05-17,2 day ahead inc death,2020-05-19,25,Massachusetts,quantile,0.990,121
2020-05-17,2 day ahead cum death,2020-05-19,25,Massachusetts,point,NA,5901
2020-05-17,2 day ahead cum death,2020-05-19,25,Massachusetts,quantile,0.010,5752
2020-05-17,2 day ahead cum death,2020-05-19,25,Massachusetts,quantile,0.025,5772
2020-05-17,2 day ahead cum death,2020-05-19,25,Massachusetts,quantile,0.050,5789
2020-05-17,2 day ahead cum death,2020-05-19,25,Massachusetts,quantile,0.100,5814
2020-05-17,2 day ahead cum death,2020-05-19,25,Massachusetts,quantile,0.150,5835
2020-05-17,2 day ahead cum death,2020-05-19,25,Massachusetts,quantile,0.200,5855
2020-05-17,2 day ahead cum death,2020-05-19,25,Massachusetts,quantile,0.250,5865
2020-05-17,2 day ahead cum death,2020-05-19,25,Massachusetts,quantile,0.300,5872
2020-05-17,2 day ahead cum death,2020-05-19,25,Massachusetts,quantile,0.350,5879
2020-05-17,2 day ahead cum death,2020-05-19,25,Massachusetts,quantile,0.400,5886
2020-05-17,2 day ahead cum death,2020-05-19,25,Massachusetts,quantile,0.450,5893
2020-05-17,2 day ahead cum death,2020-05-19,25,Massachusetts,quantile,0.500,5901
2020-05-17,2 day ahead cum death,2020-05-19,25,Massachusetts,quantile,0.550,5909
2020-05-17,2 day ahead cum death,2020-05-19,25,Massachusetts,quantile,0.600,5917
2020-05-17,2 day ahead cum death,2020-05-19,25,Massachusetts,quantile,0.650,5925
2020-05-17,2 day ahead cum death,2020-05-19,25,Massachusetts,quantile,0.700,5933
2020-05-17,2 day ahead cum death,2020-05-19,25,Massachusetts,quantile,0.750,5942
2020-05-17,2 day ahead cum death,2020-05-19,25,Massachusetts,quantile,0.800,5959
2020-05-17,2 day ahead cum death,2020-05-19,25,Massachusetts,quantile,0.850,5976
2020-05-17,2 day ahead cum death,2020-05-19,25,Massachusetts,quantile,0.900,5999
2020-05-17,2 day ahead cum death,2020-05-19,25,Massachusetts,quantile,0.950,6026
2020-05-17,2 day ahead cum death,2020-05-19,25,Massachusetts,quantile,0.975,6042
2020-05-17,2 day ahead cum death,2020-05-19,25,Massachusetts,quantile,0.990,6052
2020-05-17,3 day ahead inc death,2020-05-20,25,Massachusetts,point,NA,77
2020-05-17,3 day ahead inc death,2020-05-20,25,Massachusetts,quantile,0.010,47
2020-05-17,3 day ahead inc death,2020-05-20,25,Massachusetts,quantile,0.025,50
2020-05-17,3 day ahead inc death,2020-05-20,25,Massachusetts,quantile,0.050,54
2020-05-17,3 day ahead inc death,2020-05-20,25,Massachusetts,quantile,0.100,58
2020-05-17,3 day ahead inc death,2020-05-20,25,Massachusetts,quantile,0.150,62
2020-05-17,3 day ahead inc death,2020-05-20,25,Massachusetts,quantile,0.200,64
2020-05-17,3 day ahead inc death,2020-05-20,25,Massachusetts,quantile,0.250,67
2020-05-17,3 day ahead inc death,2020-05-20,25,Massachusetts,quantile,0.300,69
2020-05-17,3 day ahead inc death,2020-05-20,25,Massachusetts,quantile,0.350,71
2020-05-17,3 day ahead inc death,2020-05-20,25,Massachusetts,quantile,0.400,73
2020-05-17,3 day ahead inc death,2020-05-20,25,Massachusetts,quantile,0.450,75
2020-05-17,3 day ahead inc death,2020-05-20,25,Massachusetts,quantile,0.500,77
2020-05-17,3 day ahead inc death,2020-05-20,25,Massachusetts,quantile,0.550,79
2020-05-17,3 day ahead inc death,2020-05-20,25,Massachusetts,quantile,0.600,81
2020-05-17,3 day ahead inc death,2020-05-20,25,Massachusetts,quantile,0.650,84
2020-05-17,3 day ahead inc death,2020-05-20,25,Massachusetts,quantile,0.700,86
2020-05-17,3 day ahead inc death,2020-05-20,25,Massachusetts,quantile,0.750,88
2020-05-17,3 day ahead inc death,2020-05-20,25,Massachusetts,quantile,0.800,90
2020-05-17,3 day ahead inc death,2020-05-20,25,Massachusetts,quantile,0.850,93
2020-05-17,3 day ahead inc death,2020-05-20,25,Massachusetts,quantile,0.900,97
2020-05-17,3 day ahead inc death,2020-05-20,25,Massachusetts,quantile,0.950,102
2020-05-17,3 day ahead inc death,2020-05-20,25,Massachusetts,quantile,0.975,106
2020-05-17,3 day ahead inc death,2020-05-20,25,Massachusetts,quantile,0.990,108
2020-05-17,3 day ahead cum death,2020-05-20,25,Massachusetts,point,NA,5980
2020-05-17,3 day ahead cum death,2020-05-20,25,Massachusetts,quantile,0.010,5804
2020-05-17,3 day ahead cum death,2020-05-20,25,Massachusetts,quantile,0.025,5827
2020-05-17,3 day ahead cum death,2020-05-20,25,Massachusetts,quantile,0.050,5845
2020-05-17,3 day ahead cum death,2020-05-20,25,Massachusetts,quantile,0.100,5872
2020-05-17,3 day ahead cum death,2020-05-20,25,Massachusetts,quantile,0.150,5902
2020-05-17,3 day ahead cum death,2020-05-20,25,Massachusetts,quantile,0.200,5931
2020-05-17,3 day ahead cum death,2020-05-20,25,Massachusetts,quantile,0.250,5939
2020-05-17,3 day ahead cum death,2020-05-20,25,Massachusetts,quantile,0.300,5947
2020-05-17,3 day ahead cum death,2020-05-20,25,Massachusetts,quantile,0.350,5955
2020-05-17,3 day ahead cum death,2020-05-20,25,Massachusetts,quantile,0.400,5963
2020-05-17,3 day ahead cum death,2020-05-20,25,Massachusetts,quantile,0.450,5971
2020-05-17,3 day ahead cum death,2020-05-20,25,Massachusetts,quantile,0.500,5980
2020-05-17,3 day ahead cum death,2020-05-20,25,Massachusetts,quantile,0.550,5990
2020-05-17,3 day ahead cum death,2020-05-20,25,Massachusetts,quantile,0.600,6000
2020-05-17,3 day ahead cum death,2020-05-20,25,Massachusetts,quantile,0.650,6009
2020-05-17,3 day ahead cum death,2020-05-20,25,Massachusetts,quantile,0.700,6019
2020-05-17,3 day ahead cum death,2020-05-20,25,Massachusetts,quantile,0.750,6032
2020-05-17,3 day ahead cum death,2020-05-20,25,Massachusetts,quantile,0.800,6047
2020-05-17,3 day ahead cum death,2020-05-20,25,Massachusetts,quantile,0.850,6061
2020-05-17,3 day ahead cum death,2020-05-20,25,Massachusetts,quantile,0.900,6086
2020-05-17,3 day ahead cum death,2020-05-20,25,Massachusetts,quantile,0.950,6125
2020-05-17,3 day ahead cum death,2020-05-20,25,Massachusetts,quantile,0.975,6144
2020-05-17,3 day ahead cum death,2020-05-20,25,Massachusetts,quantile,0.990,6156
2020-05-17,4 day ahead inc death,2020-05-21,25,Massachusetts,point,NA,76
2020-05-17,4 day ahead inc death,2020-05-21,25,Massachusetts,quantile,0.010,46
2020-05-17,4 day ahead inc death,2020-05-21,25,Massachusetts,quantile,0.025,51
2020-05-17,4 day ahead inc death,2020-05-21,25,Massachusetts,quantile,0.050,54
2020-05-17,4 day ahead inc death,2020-05-21,25,Massachusetts,quantile,0.100,58
2020-05-17,4 day ahead inc death,2020-05-21,25,Massachusetts,quantile,0.150,62
2020-05-17,4 day ahead inc death,2020-05-21,25,Massachusetts,quantile,0.200,64
2020-05-17,4 day ahead inc death,2020-05-21,25,Massachusetts,quantile,0.250,67
2020-05-17,4 day ahead inc death,2020-05-21,25,Massachusetts,quantile,0.300,70
2020-05-17,4 day ahead inc death,2020-05-21,25,Massachusetts,quantile,0.350,72
2020-05-17,4 day ahead inc death,2020-05-21,25,Massachusetts,quantile,0.400,73
2020-05-17,4 day ahead inc death,2020-05-21,25,Massachusetts,quantile,0.450,75
2020-05-17,4 day ahead inc death,2020-05-21,25,Massachusetts,quantile,0.500,76
2020-05-17,4 day ahead inc death,2020-05-21,25,Massachusetts,quantile,0.550,78
2020-05-17,4 day ahead inc death,2020-05-21,25,Massachusetts,quantile,0.600,79
2020-05-17,4 day ahead inc death,2020-05-21,25,Massachusetts,quantile,0.650,81
2020-05-17,4 day ahead inc death,2020-05-21,25,Massachusetts,quantile,0.700,84
2020-05-17,4 day ahead inc death,2020-05-21,25,Massachusetts,quantile,0.750,87
2020-05-17,4 day ahead inc death,2020-05-21,25,Massachusetts,quantile,0.800,89
2020-05-17,4 day ahead inc death,2020-05-21,25,Massachusetts,quantile,0.850,93
2020-05-17,4 day ahead inc death,2020-05-21,25,Massachusetts,quantile,0.900,97
2020-05-17,4 day ahead inc death,2020-05-21,25,Massachusetts,quantile,0.950,103
2020-05-17,4 day ahead inc death,2020-05-21,25,Massachusetts,quantile,0.975,108
2020-05-17,4 day ahead inc death,2020-05-21,25,Massachusetts,quantile,0.990,111
2020-05-17,4 day ahead cum death,2020-05-21,25,Massachusetts,point,NA,6054
2020-05-17,4 day ahead cum death,2020-05-21,25,Massachusetts,quantile,0.010,5857
2020-05-17,4 day ahead cum death,2020-05-21,25,Massachusetts,quantile,0.025,5888
2020-05-17,4 day ahead cum death,2020-05-21,25,Massachusetts,quantile,0.050,5903
2020-05-17,4 day ahead cum death,2020-05-21,25,Massachusetts,quantile,0.100,5934
2020-05-17,4 day ahead cum death,2020-05-21,25,Massachusetts,quantile,0.150,5977
2020-05-17,4 day ahead cum death,2020-05-21,25,Massachusetts,quantile,0.200,6002
2020-05-17,4 day ahead cum death,2020-05-21,25,Massachusetts,quantile,0.250,6011
2020-05-17,4 day ahead cum death,2020-05-21,25,Massachusetts,quantile,0.300,6019
2020-05-17,4 day ahead cum death,2020-05-21,25,Massachusetts,quantile,0.350,6028
2020-05-17,4 day ahead cum death,2020-05-21,25,Massachusetts,quantile,0.400,6037
2020-05-17,4 day ahead cum death,2020-05-21,25,Massachusetts,quantile,0.450,6045
2020-05-17,4 day ahead cum death,2020-05-21,25,Massachusetts,quantile,0.500,6054
2020-05-17,4 day ahead cum death,2020-05-21,25,Massachusetts,quantile,0.550,6066
2020-05-17,4 day ahead cum death,2020-05-21,25,Massachusetts,quantile,0.600,6077
2020-05-17,4 day ahead cum death,2020-05-21,25,Massachusetts,quantile,0.650,6089
2020-05-17,4 day ahead cum death,2020-05-21,25,Massachusetts,quantile,0.700,6100
2020-05-17,4 day ahead cum death,2020-05-21,25,Massachusetts,quantile,0.750,6113
2020-05-17,4 day ahead cum death,2020-05-21,25,Massachusetts,quantile,0.800,6128
2020-05-17,4 day ahead cum death,2020-05-21,25,Massachusetts,quantile,0.850,6144
2020-05-17,4 day ahead cum death,2020-05-21,25,Massachusetts,quantile,0.900,6159
2020-05-17,4 day ahead cum death,2020-05-21,25,Massachusetts,quantile,0.950,6222
2020-05-17,4 day ahead cum death,2020-05-21,25,Massachusetts,quantile,0.975,6249
2020-05-17,4 day ahead cum death,2020-05-21,25,Massachusetts,quantile,0.990,6266
2020-05-17,5 day ahead inc death,2020-05-22,25,Massachusetts,point,NA,73
2020-05-17,5 day ahead inc death,2020-05-22,25,Massachusetts,quantile,0.010,43
2020-05-17,5 day ahead inc death,2020-05-22,25,Massachusetts,quantile,0.025,46
2020-05-17,5 day ahead inc death,2020-05-22,25,Massachusetts,quantile,0.050,49
2020-05-17,5 day ahead inc death,2020-05-22,25,Massachusetts,quantile,0.100,55
2020-05-17,5 day ahead inc death,2020-05-22,25,Massachusetts,quantile,0.150,60
2020-05-17,5 day ahead inc death,2020-05-22,25,Massachusetts,quantile,0.200,63
2020-05-17,5 day ahead inc death,2020-05-22,25,Massachusetts,quantile,0.250,65
2020-05-17,5 day ahead inc death,2020-05-22,25,Massachusetts,quantile,0.300,66
2020-05-17,5 day ahead inc death,2020-05-22,25,Massachusetts,quantile,0.350,68
2020-05-17,5 day ahead inc death,2020-05-22,25,Massachusetts,quantile,0.400,70
2020-05-17,5 day ahead inc death,2020-05-22,25,Massachusetts,quantile,0.450,71
2020-05-17,5 day ahead inc death,2020-05-22,25,Massachusetts,quantile,0.500,73
2020-05-17,5 day ahead inc death,2020-05-22,25,Massachusetts,quantile,0.550,75
2020-05-17,5 day ahead inc death,2020-05-22,25,Massachusetts,quantile,0.600,76
2020-05-17,5 day ahead inc death,2020-05-22,25,Massachusetts,quantile,0.650,78
2020-05-17,5 day ahead inc death,2020-05-22,25,Massachusetts,quantile,0.700,80
2020-05-17,5 day ahead inc death,2020-05-22,25,Massachusetts,quantile,0.750,81
2020-05-17,5 day ahead inc death,2020-05-22,25,Massachusetts,quantile,0.800,85
2020-05-17,5 day ahead inc death,2020-05-22,25,Massachusetts,quantile,0.850,89
2020-05-17,5 day ahead inc death,2020-05-22,25,Massachusetts,quantile,0.900,94
2020-05-17,5 day ahead inc death,2020-05-22,25,Massachusetts,quantile,0.950,100
2020-05-17,5 day ahead inc death,2020-05-22,25,Massachusetts,quantile,0.975,104
2020-05-17,5 day ahead inc death,2020-05-22,25,Massachusetts,quantile,0.990,112
2020-05-17,5 day ahead cum death,2020-05-22,25,Massachusetts,point,NA,6128
2020-05-17,5 day ahead cum death,2020-05-22,25,Massachusetts,quantile,0.010,5901
2020-05-17,5 day ahead cum death,2020-05-22,25,Massachusetts,quantile,0.025,5933
2020-05-17,5 day ahead cum death,2020-05-22,25,Massachusetts,quantile,0.050,5958
2020-05-17,5 day ahead cum death,2020-05-22,25,Massachusetts,quantile,0.100,5995
2020-05-17,5 day ahead cum death,2020-05-22,25,Massachusetts,quantile,0.150,6037
2020-05-17,5 day ahead cum death,2020-05-22,25,Massachusetts,quantile,0.200,6076
2020-05-17,5 day ahead cum death,2020-05-22,25,Massachusetts,quantile,0.250,6085
2020-05-17,5 day ahead cum death,2020-05-22,25,Massachusetts,quantile,0.300,6093
2020-05-17,5 day ahead cum death,2020-05-22,25,Massachusetts,quantile,0.350,6102
2020-05-17,5 day ahead cum death,2020-05-22,25,Massachusetts,quantile,0.400,6111
2020-05-17,5 day ahead cum death,2020-05-22,25,Massachusetts,quantile,0.450,6120
2020-05-17,5 day ahead cum death,2020-05-22,25,Massachusetts,quantile,0.500,6128
2020-05-17,5 day ahead cum death,2020-05-22,25,Massachusetts,quantile,0.550,6137
2020-05-17,5 day ahead cum death,2020-05-22,25,Massachusetts,quantile,0.600,6151
2020-05-17,5 day ahead cum death,2020-05-22,25,Massachusetts,quantile,0.650,6167
2020-05-17,5 day ahead cum death,2020-05-22,25,Massachusetts,quantile,0.700,6182
2020-05-17,5 day ahead cum death,2020-05-22,25,Massachusetts,quantile,0.750,6198
2020-05-17,5 day ahead cum death,2020-05-22,25,Massachusetts,quantile,0.800,6218
2020-05-17,5 day ahead cum death,2020-05-22,25,Massachusetts,quantile,0.850,6241
2020-05-17,5 day ahead cum death,2020-05-22,25,Massachusetts,quantile,0.900,6264
2020-05-17,5 day ahead cum death,2020-05-22,25,Massachusetts,quantile,0.950,6312
2020-05-17,5 day ahead cum death,2020-05-22,25,Massachusetts,quantile,0.975,6345
2020-05-17,5 day ahead cum death,2020-05-22,25,Massachusetts,quantile,0.990,6377
2020-05-17,6 day ahead inc death,2020-05-23,25,Massachusetts,point,NA,73
2020-05-17,6 day ahead inc death,2020-05-23,25,Massachusetts,quantile,0.010,48
2020-05-17,6 day ahead inc death,2020-05-23,25,Massachusetts,quantile,0.025,50
2020-05-17,6 day ahead inc death,2020-05-23,25,Massachusetts,quantile,0.050,52
2020-05-17,6 day ahead inc death,2020-05-23,25,Massachusetts,quantile,0.100,56
2020-05-17,6 day ahead inc death,2020-05-23,25,Massachusetts,quantile,0.150,59
2020-05-17,6 day ahead inc death,2020-05-23,25,Massachusetts,quantile,0.200,61
2020-05-17,6 day ahead inc death,2020-05-23,25,Massachusetts,quantile,0.250,64
2020-05-17,6 day ahead inc death,2020-05-23,25,Massachusetts,quantile,0.300,66
2020-05-17,6 day ahead inc death,2020-05-23,25,Massachusetts,quantile,0.350,68
2020-05-17,6 day ahead inc death,2020-05-23,25,Massachusetts,quantile,0.400,69
2020-05-17,6 day ahead inc death,2020-05-23,25,Massachusetts,quantile,0.450,71
2020-05-17,6 day ahead inc death,2020-05-23,25,Massachusetts,quantile,0.500,73
2020-05-17,6 day ahead inc death,2020-05-23,25,Massachusetts,quantile,0.550,75
2020-05-17,6 day ahead inc death,2020-05-23,25,Massachusetts,quantile,0.600,77
2020-05-17,6 day ahead inc death,2020-05-23,25,Massachusetts,quantile,0.650,78
2020-05-17,6 day ahead inc death,2020-05-23,25,Massachusetts,quantile,0.700,80
2020-05-17,6 day ahead inc death,2020-05-23,25,Massachusetts,quantile,0.750,82
2020-05-17,6 day ahead inc death,2020-05-23,25,Massachusetts,quantile,0.800,84
2020-05-17,6 day ahead inc death,2020-05-23,25,Massachusetts,quantile,0.850,87
2020-05-17,6 day ahead inc death,2020-05-23,25,Massachusetts,quantile,0.900,90
2020-05-17,6 day ahead inc death,2020-05-23,25,Massachusetts,quantile,0.950,96
2020-05-17,6 day ahead inc death,2020-05-23,25,Massachusetts,quantile,0.975,103
2020-05-17,6 day ahead inc death,2020-05-23,25,Massachusetts,quantile,0.990,110
2020-05-17,6 day ahead cum death,2020-05-23,25,Massachusetts,point,NA,6207
2020-05-17,6 day ahead cum death,2020-05-23,25,Massachusetts,quantile,0.010,5964
2020-05-17,6 day ahead cum death,2020-05-23,25,Massachusetts,quantile,0.025,6004
2020-05-17,6 day ahead cum death,2020-05-23,25,Massachusetts,quantile,0.050,6021
2020-05-17,6 day ahead cum death,2020-05-23,25,Massachusetts,quantile,0.100,6054
2020-05-17,6 day ahead cum death,2020-05-23,25,Massachusetts,quantile,0.150,6090
2020-05-17,6 day ahead cum death,2020-05-23,25,Massachusetts,quantile,0.200,6131
2020-05-17,6 day ahead cum death,2020-05-23,25,Massachusetts,quantile,0.250,6153
2020-05-17,6 day ahead cum death,2020-05-23,25,Massachusetts,quantile,0.300,6164
2020-05-17,6 day ahead cum death,2020-05-23,25,Massachusetts,quantile,0.350,6175
2020-05-17,6 day ahead cum death,2020-05-23,25,Massachusetts,quantile,0.400,6186
2020-05-17,6 day ahead cum death,2020-05-23,25,Massachusetts,quantile,0.450,6196
2020-05-17,6 day ahead cum death,2020-05-23,25,Massachusetts,quantile,0.500,6207
2020-05-17,6 day ahead cum death,2020-05-23,25,Massachusetts,quantile,0.550,6218
2020-05-17,6 day ahead cum death,2020-05-23,25,Massachusetts,quantile,0.600,6232
2020-05-17,6 day ahead cum death,2020-05-23,25,Massachusetts,quantile,0.650,6247
2020-05-17,6 day ahead cum death,2020-05-23,25,Massachusetts,quantile,0.700,6263
2020-05-17,6 day ahead cum death,2020-05-23,25,Massachusetts,quantile,0.750,6278
2020-05-17,6 day ahead cum death,2020-05-23,25,Massachusetts,quantile,0.800,6293
2020-05-17,6 day ahead cum death,2020-05-23,25,Massachusetts,quantile,0.850,6321
2020-05-17,6 day ahead cum death,2020-05-23,25,Massachusetts,quantile,0.900,6349
2020-05-17,6 day ahead cum death,2020-05-23,25,Massachusetts,quantile,0.950,6395
2020-05-17,6 day ahead cum death,2020-05-23,25,Massachusetts,quantile,0.975,6432
2020-05-17,6 day ahead cum death,2020-05-23,25,Massachusetts,quantile,0.990,6476
2020-05-17,1 wk ahead inc death,2020-05-23,25,Massachusetts,point,NA,549
2020-05-17,1 wk ahead inc death,2020-05-23,25,Massachusetts,quantile,0.010,355
2020-05-17,1 wk ahead inc death,2020-05-23,25,Massachusetts,quantile,0.025,372
2020-05-17,1 wk ahead inc death,2020-05-23,25,Massachusetts,quantile,0.050,401
2020-05-17,1 wk ahead inc death,2020-05-23,25,Massachusetts,quantile,0.100,437
2020-05-17,1 wk ahead inc death,2020-05-23,25,Massachusetts,quantile,0.150,465
2020-05-17,1 wk ahead inc death,2020-05-23,25,Massachusetts,quantile,0.200,480
2020-05-17,1 wk ahead inc death,2020-05-23,25,Massachusetts,quantile,0.250,496
2020-05-17,1 wk ahead inc death,2020-05-23,25,Massachusetts,quantile,0.300,511
2020-05-17,1 wk ahead inc death,2020-05-23,25,Massachusetts,quantile,0.350,522
2020-05-17,1 wk ahead inc death,2020-05-23,25,Massachusetts,quantile,0.400,531
2020-05-17,1 wk ahead inc death,2020-05-23,25,Massachusetts,quantile,0.450,540
2020-05-17,1 wk ahead inc death,2020-05-23,25,Massachusetts,quantile,0.500,549
2020-05-17,1 wk ahead inc death,2020-05-23,25,Massachusetts,quantile,0.550,557
2020-05-17,1 wk ahead inc death,2020-05-23,25,Massachusetts,quantile,0.600,566
2020-05-17,1 wk ahead inc death,2020-05-23,25,Massachusetts,quantile,0.650,575
2020-05-17,1 wk ahead inc death,2020-05-23,25,Massachusetts,quantile,0.700,589
2020-05-17,1 wk ahead inc death,2020-05-23,25,Massachusetts,quantile,0.750,604
2020-05-17,1 wk ahead inc death,2020-05-23,25,Massachusetts,quantile,0.800,619
2020-05-17,1 wk ahead inc death,2020-05-23,25,Massachusetts,quantile,0.850,633
2020-05-17,1 wk ahead inc death,2020-05-23,25,Massachusetts,quantile,0.900,665
2020-05-17,1 wk ahead inc death,2020-05-23,25,Massachusetts,quantile,0.950,705
2020-05-17,1 wk ahead inc death,2020-05-23,25,Massachusetts,quantile,0.975,742
2020-05-17,1 wk ahead inc death,2020-05-23,25,Massachusetts,quantile,0.990,778
2020-05-17,1 wk ahead cum death,2020-05-23,25,Massachusetts,point,NA,6207
2020-05-17,1 wk ahead cum death,2020-05-23,25,Massachusetts,quantile,0.010,5964
2020-05-17,1 wk ahead cum death,2020-05-23,25,Massachusetts,quantile,0.025,6004
2020-05-17,1 wk ahead cum death,2020-05-23,25,Massachusetts,quantile,0.050,6021
2020-05-17,1 wk ahead cum death,2020-05-23,25,Massachusetts,quantile,0.100,6054
2020-05-17,1 wk ahead cum death,2020-05-23,25,Massachusetts,quantile,0.150,6090
2020-05-17,1 wk ahead cum death,2020-05-23,25,Massachusetts,quantile,0.200,6131
2020-05-17,1 wk ahead cum death,2020-05-23,25,Massachusetts,quantile,0.250,6153
2020-05-17,1 wk ahead cum death,2020-05-23,25,Massachusetts,quantile,0.300,6164
2020-05-17,1 wk ahead cum death,2020-05-23,25,Massachusetts,quantile,0.350,6175
2020-05-17,1 wk ahead cum death,2020-05-23,25,Massachusetts,quantile,0.400,6186
2020-05-17,1 wk ahead cum death,2020-05-23,25,Massachusetts,quantile,0.450,6196
2020-05-17,1 wk ahead cum death,2020-05-23,25,Massachusetts,quantile,0.500,6207
2020-05-17,1 wk ahead cum death,2020-05-23,25,Massachusetts,quantile,0.550,6218
2020-05-17,1 wk ahead cum death,2020-05-23,25,Massachusetts,quantile,0.600,6232
2020-05-17,1 wk ahead cum death,2020-05-23,25,Massachusetts,quantile,0.650,6247
2020-05-17,1 wk ahead cum death,2020-05-23,25,Massachusetts,quantile,0.700,6263
2020-05-17,1 wk ahead cum death,2020-05-23,25,Massachusetts,quantile,0.750,6278
2020-05-17,1 wk ahead cum death,2020-05-23,25,Massachusetts,quantile,0.800,6293
2020-05-17,1 wk ahead cum death,2020-05-23,25,Massachusetts,quantile,0.850,6321
2020-05-17,1 wk ahead cum death,2020-05-23,25,Massachusetts,quantile,0.900,6349
2020-05-17,1 wk ahead cum death,2020-05-23,25,Massachusetts,quantile,0.950,6395
2020-05-17,1 wk ahead cum death,2020-05-23,25,Massachusetts,quantile,0.975,6432
2020-05-17,1 wk ahead cum death,2020-05-23,25,Massachusetts,quantile,0.990,6476
2020-05-17,2 wk ahead inc death,2020-05-30,25,Massachusetts,point,NA,460
2020-05-17,2 wk ahead inc death,2020-05-30,25,Massachusetts,quantile,0.010,313
2020-05-17,2 wk ahead inc death,2020-05-30,25,Massachusetts,quantile,0.025,322
2020-05-17,2 wk ahead inc death,2020-05-30,25,Massachusetts,quantile,0.050,339
2020-05-17,2 wk ahead inc death,2020-05-30,25,Massachusetts,quantile,0.100,367
2020-05-17,2 wk ahead inc death,2020-05-30,25,Massachusetts,quantile,0.150,393
2020-05-17,2 wk ahead inc death,2020-05-30,25,Massachusetts,quantile,0.200,406
2020-05-17,2 wk ahead inc death,2020-05-30,25,Massachusetts,quantile,0.250,416
2020-05-17,2 wk ahead inc death,2020-05-30,25,Massachusetts,quantile,0.300,426
2020-05-17,2 wk ahead inc death,2020-05-30,25,Massachusetts,quantile,0.350,436
2020-05-17,2 wk ahead inc death,2020-05-30,25,Massachusetts,quantile,0.400,445
2020-05-17,2 wk ahead inc death,2020-05-30,25,Massachusetts,quantile,0.450,453
2020-05-17,2 wk ahead inc death,2020-05-30,25,Massachusetts,quantile,0.500,460
2020-05-17,2 wk ahead inc death,2020-05-30,25,Massachusetts,quantile,0.550,468
2020-05-17,2 wk ahead inc death,2020-05-30,25,Massachusetts,quantile,0.600,475
2020-05-17,2 wk ahead inc death,2020-05-30,25,Massachusetts,quantile,0.650,483
2020-05-17,2 wk ahead inc death,2020-05-30,25,Massachusetts,quantile,0.700,490
2020-05-17,2 wk ahead inc death,2020-05-30,25,Massachusetts,quantile,0.750,508
2020-05-17,2 wk ahead inc death,2020-05-30,25,Massachusetts,quantile,0.800,525
2020-05-17,2 wk ahead inc death,2020-05-30,25,Massachusetts,quantile,0.850,544
2020-05-17,2 wk ahead inc death,2020-05-30,25,Massachusetts,quantile,0.900,563
2020-05-17,2 wk ahead inc death,2020-05-30,25,Massachusetts,quantile,0.950,582
2020-05-17,2 wk ahead inc death,2020-05-30,25,Massachusetts,quantile,0.975,611
2020-05-17,2 wk ahead inc death,2020-05-30,25,Massachusetts,quantile,0.990,628
2020-05-17,2 wk ahead cum death,2020-05-30,25,Massachusetts,point,NA,6662
2020-05-17,2 wk ahead cum death,2020-05-30,25,Massachusetts,quantile,0.010,6266
2020-05-17,2 wk ahead cum death,2020-05-30,25,Massachusetts,quantile,0.025,6310
2020-05-17,2 wk ahead cum death,2020-05-30,25,Massachusetts,quantile,0.050,6366
2020-05-17,2 wk ahead cum death,2020-05-30,25,Massachusetts,quantile,0.100,6420
2020-05-17,2 wk ahead cum death,2020-05-30,25,Massachusetts,quantile,0.150,6474
2020-05-17,2 wk ahead cum death,2020-05-30,25,Massachusetts,quantile,0.200,6520
2020-05-17,2 wk ahead cum death,2020-05-30,25,Massachusetts,quantile,0.250,6566
2020-05-17,2 wk ahead cum death,2020-05-30,25,Massachusetts,quantile,0.300,6599
2020-05-17,2 wk ahead cum death,2020-05-30,25,Massachusetts,quantile,0.350,6615
2020-05-17,2 wk ahead cum death,2020-05-30,25,Massachusetts,quantile,0.400,6631
2020-05-17,2 wk ahead cum death,2020-05-30,25,Massachusetts,quantile,0.450,6646
2020-05-17,2 wk ahead cum death,2020-05-30,25,Massachusetts,quantile,0.500,6662
2020-05-17,2 wk ahead cum death,2020-05-30,25,Massachusetts,quantile,0.550,6678
2020-05-17,2 wk ahead cum death,2020-05-30,25,Massachusetts,quantile,0.600,6693
2020-05-17,2 wk ahead cum death,2020-05-30,25,Massachusetts,quantile,0.650,6709
2020-05-17,2 wk ahead cum death,2020-05-30,25,Massachusetts,quantile,0.700,6740
2020-05-17,2 wk ahead cum death,2020-05-30,25,Massachusetts,quantile,0.750,6775
2020-05-17,2 wk ahead cum death,2020-05-30,25,Massachusetts,quantile,0.800,6810
2020-05-17,2 wk ahead cum death,2020-05-30,25,Massachusetts,quantile,0.850,6851
2020-05-17,2 wk ahead cum death,2020-05-30,25,Massachusetts,quantile,0.900,6900
2020-05-17,2 wk ahead cum death,2020-05-30,25,Massachusetts,quantile,0.950,6950
2020-05-17,2 wk ahead cum death,2020-05-30,25,Massachusetts,quantile,0.975,7024
2020-05-17,2 wk ahead cum death,2020-05-30,25,Massachusetts,quantile,0.990,7069
2020-05-17,3 wk ahead inc death,2020-06-06,25,Massachusetts,point,NA,388
2020-05-17,3 wk ahead inc death,2020-06-06,25,Massachusetts,quantile,0.010,262
2020-05-17,3 wk ahead inc death,2020-06-06,25,Massachusetts,quantile,0.025,270
2020-05-17,3 wk ahead inc death,2020-06-06,25,Massachusetts,quantile,0.050,283
2020-05-17,3 wk ahead inc death,2020-06-06,25,Massachusetts,quantile,0.100,305
2020-05-17,3 wk ahead inc death,2020-06-06,25,Massachusetts,quantile,0.150,318
2020-05-17,3 wk ahead inc death,2020-06-06,25,Massachusetts,quantile,0.200,330
2020-05-17,3 wk ahead inc death,2020-06-06,25,Massachusetts,quantile,0.250,342
2020-05-17,3 wk ahead inc death,2020-06-06,25,Massachusetts,quantile,0.300,353
2020-05-17,3 wk ahead inc death,2020-06-06,25,Massachusetts,quantile,0.350,361
2020-05-17,3 wk ahead inc death,2020-06-06,25,Massachusetts,quantile,0.400,370
2020-05-17,3 wk ahead inc death,2020-06-06,25,Massachusetts,quantile,0.450,379
2020-05-17,3 wk ahead inc death,2020-06-06,25,Massachusetts,quantile,0.500,388
2020-05-17,3 wk ahead inc death,2020-06-06,25,Massachusetts,quantile,0.550,397
2020-05-17,3 wk ahead inc death,2020-06-06,25,Massachusetts,quantile,0.600,405
2020-05-17,3 wk ahead inc death,2020-06-06,25,Massachusetts,quantile,0.650,413
2020-05-17,3 wk ahead inc death,2020-06-06,25,Massachusetts,quantile,0.700,421
2020-05-17,3 wk ahead inc death,2020-06-06,25,Massachusetts,quantile,0.750,429
2020-05-17,3 wk ahead inc death,2020-06-06,25,Massachusetts,quantile,0.800,438
2020-05-17,3 wk ahead inc death,2020-06-06,25,Massachusetts,quantile,0.850,455
2020-05-17,3 wk ahead inc death,2020-06-06,25,Massachusetts,quantile,0.900,478
2020-05-17,3 wk ahead inc death,2020-06-06,25,Massachusetts,quantile,0.950,507
2020-05-17,3 wk ahead inc death,2020-06-06,25,Massachusetts,quantile,0.975,523
2020-05-17,3 wk ahead inc death,2020-06-06,25,Massachusetts,quantile,0.990,533
2020-05-17,3 wk ahead cum death,2020-06-06,25,Massachusetts,point,NA,7048
2020-05-17,3 wk ahead cum death,2020-06-06,25,Massachusetts,quantile,0.010,6543
2020-05-17,3 wk ahead cum death,2020-06-06,25,Massachusetts,quantile,0.025,6592
2020-05-17,3 wk ahead cum death,2020-06-06,25,Massachusetts,quantile,0.050,6673
2020-05-17,3 wk ahead cum death,2020-06-06,25,Massachusetts,quantile,0.100,6763
2020-05-17,3 wk ahead cum death,2020-06-06,25,Massachusetts,quantile,0.150,6841
2020-05-17,3 wk ahead cum death,2020-06-06,25,Massachusetts,quantile,0.200,6872
2020-05-17,3 wk ahead cum death,2020-06-06,25,Massachusetts,quantile,0.250,6904
2020-05-17,3 wk ahead cum death,2020-06-06,25,Massachusetts,quantile,0.300,6935
2020-05-17,3 wk ahead cum death,2020-06-06,25,Massachusetts,quantile,0.350,6966
2020-05-17,3 wk ahead cum death,2020-06-06,25,Massachusetts,quantile,0.400,6997
2020-05-17,3 wk ahead cum death,2020-06-06,25,Massachusetts,quantile,0.450,7022
2020-05-17,3 wk ahead cum death,2020-06-06,25,Massachusetts,quantile,0.500,7048
2020-05-17,3 wk ahead cum death,2020-06-06,25,Massachusetts,quantile,0.550,7073
2020-05-17,3 wk ahead cum death,2020-06-06,25,Massachusetts,quantile,0.600,7098
2020-05-17,3 wk ahead cum death,2020-06-06,25,Massachusetts,quantile,0.650,7124
2020-05-17,3 wk ahead cum death,2020-06-06,25,Massachusetts,quantile,0.700,7149
2020-05-17,3 wk ahead cum death,2020-06-06,25,Massachusetts,quantile,0.750,7194
2020-05-17,3 wk ahead cum death,2020-06-06,25,Massachusetts,quantile,0.800,7252
2020-05-17,3 wk ahead cum death,2020-06-06,25,Massachusetts,quantile,0.850,7309
2020-05-17,3 wk ahead cum death,2020-06-06,25,Massachusetts,quantile,0.900,7393
2020-05-17,3 wk ahead cum death,2020-06-06,25,Massachusetts,quantile,0.950,7483
2020-05-17,3 wk ahead cum death,2020-06-06,25,Massachusetts,quantile,0.975,7584
2020-05-17,3 wk ahead cum death,2020-06-06,25,Massachusetts,quantile,0.990,7645
2020-05-17,4 wk ahead inc death,2020-06-13,25,Massachusetts,point,NA,318
2020-05-17,4 wk ahead inc death,2020-06-13,25,Massachusetts,quantile,0.010,226
2020-05-17,4 wk ahead inc death,2020-06-13,25,Massachusetts,quantile,0.025,231
2020-05-17,4 wk ahead inc death,2020-06-13,25,Massachusetts,quantile,0.050,238
2020-05-17,4 wk ahead inc death,2020-06-13,25,Massachusetts,quantile,0.100,254
2020-05-17,4 wk ahead inc death,2020-06-13,25,Massachusetts,quantile,0.150,263
2020-05-17,4 wk ahead inc death,2020-06-13,25,Massachusetts,quantile,0.200,272
2020-05-17,4 wk ahead inc death,2020-06-13,25,Massachusetts,quantile,0.250,280
2020-05-17,4 wk ahead inc death,2020-06-13,25,Massachusetts,quantile,0.300,288
2020-05-17,4 wk ahead inc death,2020-06-13,25,Massachusetts,quantile,0.350,295
2020-05-17,4 wk ahead inc death,2020-06-13,25,Massachusetts,quantile,0.400,303
2020-05-17,4 wk ahead inc death,2020-06-13,25,Massachusetts,quantile,0.450,310
2020-05-17,4 wk ahead inc death,2020-06-13,25,Massachusetts,quantile,0.500,318
2020-05-17,4 wk ahead inc death,2020-06-13,25,Massachusetts,quantile,0.550,325
2020-05-17,4 wk ahead inc death,2020-06-13,25,Massachusetts,quantile,0.600,333
2020-05-17,4 wk ahead inc death,2020-06-13,25,Massachusetts,quantile,0.650,342
2020-05-17,4 wk ahead inc death,2020-06-13,25,Massachusetts,quantile,0.700,350
2020-05-17,4 wk ahead inc death,2020-06-13,25,Massachusetts,quantile,0.750,359
2020-05-17,4 wk ahead inc death,2020-06-13,25,Massachusetts,quantile,0.800,370
2020-05-17,4 wk ahead inc death,2020-06-13,25,Massachusetts,quantile,0.850,382
2020-05-17,4 wk ahead inc death,2020-06-13,25,Massachusetts,quantile,0.900,393
2020-05-17,4 wk ahead inc death,2020-06-13,25,Massachusetts,quantile,0.950,421
2020-05-17,4 wk ahead inc death,2020-06-13,25,Massachusetts,quantile,0.975,444
2020-05-17,4 wk ahead inc death,2020-06-13,25,Massachusetts,quantile,0.990,461
2020-05-17,4 wk ahead cum death,2020-06-13,25,Massachusetts,point,NA,7373
2020-05-17,4 wk ahead cum death,2020-06-13,25,Massachusetts,quantile,0.010,6781
2020-05-17,4 wk ahead cum death,2020-06-13,25,Massachusetts,quantile,0.025,6817
2020-05-17,4 wk ahead cum death,2020-06-13,25,Massachusetts,quantile,0.050,6877
2020-05-17,4 wk ahead cum death,2020-06-13,25,Massachusetts,quantile,0.100,6987
2020-05-17,4 wk ahead cum death,2020-06-13,25,Massachusetts,quantile,0.150,7083
2020-05-17,4 wk ahead cum death,2020-06-13,25,Massachusetts,quantile,0.200,7156
2020-05-17,4 wk ahead cum death,2020-06-13,25,Massachusetts,quantile,0.250,7193
2020-05-17,4 wk ahead cum death,2020-06-13,25,Massachusetts,quantile,0.300,7230
2020-05-17,4 wk ahead cum death,2020-06-13,25,Massachusetts,quantile,0.350,7267
2020-05-17,4 wk ahead cum death,2020-06-13,25,Massachusetts,quantile,0.400,7303
2020-05-17,4 wk ahead cum death,2020-06-13,25,Massachusetts,quantile,0.450,7340
2020-05-17,4 wk ahead cum death,2020-06-13,25,Massachusetts,quantile,0.500,7373
2020-05-17,4 wk ahead cum death,2020-06-13,25,Massachusetts,quantile,0.550,7406
2020-05-17,4 wk ahead cum death,2020-06-13,25,Massachusetts,quantile,0.600,7439
2020-05-17,4 wk ahead cum death,2020-06-13,25,Massachusetts,quantile,0.650,7472
2020-05-17,4 wk ahead cum death,2020-06-13,25,Massachusetts,quantile,0.700,7505
2020-05-17,4 wk ahead cum death,2020-06-13,25,Massachusetts,quantile,0.750,7551
2020-05-17,4 wk ahead cum death,2020-06-13,25,Massachusetts,quantile,0.800,7615
2020-05-17,4 wk ahead cum death,2020-06-13,25,Massachusetts,quantile,0.850,7679
2020-05-17,4 wk ahead cum death,2020-06-13,25,Massachusetts,quantile,0.900,7772
2020-05-17,4 wk ahead cum death,2020-06-13,25,Massachusetts,quantile,0.950,7909
2020-05-17,4 wk ahead cum death,2020-06-13,25,Massachusetts,quantile,0.975,8029
2020-05-17,4 wk ahead cum death,2020-06-13,25,Massachusetts,quantile,0.990,8101
2020-05-17,5 wk ahead inc death,2020-06-20,25,Massachusetts,point,NA,269
2020-05-17,5 wk ahead inc death,2020-06-20,25,Massachusetts,quantile,0.010,169
2020-05-17,5 wk ahead inc death,2020-06-20,25,Massachusetts,quantile,0.025,177
2020-05-17,5 wk ahead inc death,2020-06-20,25,Massachusetts,quantile,0.050,191
2020-05-17,5 wk ahead inc death,2020-06-20,25,Massachusetts,quantile,0.100,204
2020-05-17,5 wk ahead inc death,2020-06-20,25,Massachusetts,quantile,0.150,213
2020-05-17,5 wk ahead inc death,2020-06-20,25,Massachusetts,quantile,0.200,223
2020-05-17,5 wk ahead inc death,2020-06-20,25,Massachusetts,quantile,0.250,232
2020-05-17,5 wk ahead inc death,2020-06-20,25,Massachusetts,quantile,0.300,239
2020-05-17,5 wk ahead inc death,2020-06-20,25,Massachusetts,quantile,0.350,246
2020-05-17,5 wk ahead inc death,2020-06-20,25,Massachusetts,quantile,0.400,253
2020-05-17,5 wk ahead inc death,2020-06-20,25,Massachusetts,quantile,0.450,261
2020-05-17,5 wk ahead inc death,2020-06-20,25,Massachusetts,quantile,0.500,269
2020-05-17,5 wk ahead inc death,2020-06-20,25,Massachusetts,quantile,0.550,277
2020-05-17,5 wk ahead inc death,2020-06-20,25,Massachusetts,quantile,0.600,285
2020-05-17,5 wk ahead inc death,2020-06-20,25,Massachusetts,quantile,0.650,293
2020-05-17,5 wk ahead inc death,2020-06-20,25,Massachusetts,quantile,0.700,302
2020-05-17,5 wk ahead inc death,2020-06-20,25,Massachusetts,quantile,0.750,310
2020-05-17,5 wk ahead inc death,2020-06-20,25,Massachusetts,quantile,0.800,318
2020-05-17,5 wk ahead inc death,2020-06-20,25,Massachusetts,quantile,0.850,326
2020-05-17,5 wk ahead inc death,2020-06-20,25,Massachusetts,quantile,0.900,344
2020-05-17,5 wk ahead inc death,2020-06-20,25,Massachusetts,quantile,0.950,369
2020-05-17,5 wk ahead inc death,2020-06-20,25,Massachusetts,quantile,0.975,390
2020-05-17,5 wk ahead inc death,2020-06-20,25,Massachusetts,quantile,0.990,410
2020-05-17,5 wk ahead cum death,2020-06-20,25,Massachusetts,point,NA,7655
2020-05-17,5 wk ahead cum death,2020-06-20,25,Massachusetts,quantile,0.010,6965
2020-05-17,5 wk ahead cum death,2020-06-20,25,Massachusetts,quantile,0.025,7013
2020-05-17,5 wk ahead cum death,2020-06-20,25,Massachusetts,quantile,0.050,7091
2020-05-17,5 wk ahead cum death,2020-06-20,25,Massachusetts,quantile,0.100,7209
2020-05-17,5 wk ahead cum death,2020-06-20,25,Massachusetts,quantile,0.150,7301
2020-05-17,5 wk ahead cum death,2020-06-20,25,Massachusetts,quantile,0.200,7384
2020-05-17,5 wk ahead cum death,2020-06-20,25,Massachusetts,quantile,0.250,7431
2020-05-17,5 wk ahead cum death,2020-06-20,25,Massachusetts,quantile,0.300,7479
2020-05-17,5 wk ahead cum death,2020-06-20,25,Massachusetts,quantile,0.350,7527
2020-05-17,5 wk ahead cum death,2020-06-20,25,Massachusetts,quantile,0.400,7575
2020-05-17,5 wk ahead cum death,2020-06-20,25,Massachusetts,quantile,0.450,7617
2020-05-17,5 wk ahead cum death,2020-06-20,25,Massachusetts,quantile,0.500,7655
2020-05-17,5 wk ahead cum death,2020-06-20,25,Massachusetts,quantile,0.550,7693
2020-05-17,5 wk ahead cum death,2020-06-20,25,Massachusetts,quantile,0.600,7731
2020-05-17,5 wk ahead cum death,2020-06-20,25,Massachusetts,quantile,0.650,7768
2020-05-17,5 wk ahead cum death,2020-06-20,25,Massachusetts,quantile,0.700,7806
2020-05-17,5 wk ahead cum death,2020-06-20,25,Massachusetts,quantile,0.750,7869
2020-05-17,5 wk ahead cum death,2020-06-20,25,Massachusetts,quantile,0.800,7938
2020-05-17,5 wk ahead cum death,2020-06-20,25,Massachusetts,quantile,0.850,8006
2020-05-17,5 wk ahead cum death,2020-06-20,25,Massachusetts,quantile,0.900,8116
2020-05-17,5 wk ahead cum death,2020-06-20,25,Massachusetts,quantile,0.950,8254
2020-05-17,5 wk ahead cum death,2020-06-20,25,Massachusetts,quantile,0.975,8391
2020-05-17,5 wk ahead cum death,2020-06-20,25,Massachusetts,quantile,0.990,8474
2020-05-17,6 wk ahead inc death,2020-06-27,25,Massachusetts,point,NA,227
2020-05-17,6 wk ahead inc death,2020-06-27,25,Massachusetts,quantile,0.010,134
2020-05-17,6 wk ahead inc death,2020-06-27,25,Massachusetts,quantile,0.025,141
2020-05-17,6 wk ahead inc death,2020-06-27,25,Massachusetts,quantile,0.050,153
2020-05-17,6 wk ahead inc death,2020-06-27,25,Massachusetts,quantile,0.100,168
2020-05-17,6 wk ahead inc death,2020-06-27,25,Massachusetts,quantile,0.150,180
2020-05-17,6 wk ahead inc death,2020-06-27,25,Massachusetts,quantile,0.200,187
2020-05-17,6 wk ahead inc death,2020-06-27,25,Massachusetts,quantile,0.250,194
2020-05-17,6 wk ahead inc death,2020-06-27,25,Massachusetts,quantile,0.300,201
2020-05-17,6 wk ahead inc death,2020-06-27,25,Massachusetts,quantile,0.350,207
2020-05-17,6 wk ahead inc death,2020-06-27,25,Massachusetts,quantile,0.400,214
2020-05-17,6 wk ahead inc death,2020-06-27,25,Massachusetts,quantile,0.450,220
2020-05-17,6 wk ahead inc death,2020-06-27,25,Massachusetts,quantile,0.500,227
2020-05-17,6 wk ahead inc death,2020-06-27,25,Massachusetts,quantile,0.550,234
2020-05-17,6 wk ahead inc death,2020-06-27,25,Massachusetts,quantile,0.600,241
2020-05-17,6 wk ahead inc death,2020-06-27,25,Massachusetts,quantile,0.650,249
2020-05-17,6 wk ahead inc death,2020-06-27,25,Massachusetts,quantile,0.700,255
2020-05-17,6 wk ahead inc death,2020-06-27,25,Massachusetts,quantile,0.750,261
2020-05-17,6 wk ahead inc death,2020-06-27,25,Massachusetts,quantile,0.800,267
2020-05-17,6 wk ahead inc death,2020-06-27,25,Massachusetts,quantile,0.850,273
2020-05-17,6 wk ahead inc death,2020-06-27,25,Massachusetts,quantile,0.900,285
2020-05-17,6 wk ahead inc death,2020-06-27,25,Massachusetts,quantile,0.950,297
2020-05-17,6 wk ahead inc death,2020-06-27,25,Massachusetts,quantile,0.975,309
2020-05-17,6 wk ahead inc death,2020-06-27,25,Massachusetts,quantile,0.990,316
2020-05-17,6 wk ahead cum death,2020-06-27,25,Massachusetts,point,NA,7881
2020-05-17,6 wk ahead cum death,2020-06-27,25,Massachusetts,quantile,0.010,7130
2020-05-17,6 wk ahead cum death,2020-06-27,25,Massachusetts,quantile,0.025,7190
2020-05-17,6 wk ahead cum death,2020-06-27,25,Massachusetts,quantile,0.050,7290
2020-05-17,6 wk ahead cum death,2020-06-27,25,Massachusetts,quantile,0.100,7399
2020-05-17,6 wk ahead cum death,2020-06-27,25,Massachusetts,quantile,0.150,7484
2020-05-17,6 wk ahead cum death,2020-06-27,25,Massachusetts,quantile,0.200,7570
2020-05-17,6 wk ahead cum death,2020-06-27,25,Massachusetts,quantile,0.250,7625
2020-05-17,6 wk ahead cum death,2020-06-27,25,Massachusetts,quantile,0.300,7679
2020-05-17,6 wk ahead cum death,2020-06-27,25,Massachusetts,quantile,0.350,7734
2020-05-17,6 wk ahead cum death,2020-06-27,25,Massachusetts,quantile,0.400,7788
2020-05-17,6 wk ahead cum death,2020-06-27,25,Massachusetts,quantile,0.450,7837
2020-05-17,6 wk ahead cum death,2020-06-27,25,Massachusetts,quantile,0.500,7881
2020-05-17,6 wk ahead cum death,2020-06-27,25,Massachusetts,quantile,0.550,7926
2020-05-17,6 wk ahead cum death,2020-06-27,25,Massachusetts,quantile,0.600,7970
2020-05-17,6 wk ahead cum death,2020-06-27,25,Massachusetts,quantile,0.650,8014
2020-05-17,6 wk ahead cum death,2020-06-27,25,Massachusetts,quantile,0.700,8063
2020-05-17,6 wk ahead cum death,2020-06-27,25,Massachusetts,quantile,0.750,8130
2020-05-17,6 wk ahead cum death,2020-06-27,25,Massachusetts,quantile,0.800,8197
2020-05-17,6 wk ahead cum death,2020-06-27,25,Massachusetts,quantile,0.850,8263
2020-05-17,6 wk ahead cum death,2020-06-27,25,Massachusetts,quantile,0.900,8380
2020-05-17,6 wk ahead cum death,2020-06-27,25,Massachusetts,quantile,0.950,8530
2020-05-17,6 wk ahead cum death,2020-06-27,25,Massachusetts,quantile,0.975,8680
2020-05-17,6 wk ahead cum death,2020-06-27,25,Massachusetts,quantile,0.990,8770
